{
  "timestamp": "2026-01-03T13:55:51.532129",
  "best_cv_roc_auc": 0.7542823864393196,
  "test_roc_auc": 0.7604767292012063,
  "best_params": {
    "n_estimators": 680,
    "max_depth": 3,
    "learning_rate": 0.02545390393335529,
    "subsample": 0.62215228172795,
    "colsample_bytree": 0.995775604118708,
    "min_child_weight": 7,
    "gamma": 0.30787478465571283,
    "reg_alpha": 7.338342853736548,
    "reg_lambda": 8.691717347958255
  },
  "threshold_optimizations": {
    "f1": {
      "threshold": 0.6139995455741882,
      "optimized_for": "F1",
      "precision": 0.2941509968817915,
      "recall": 0.5248693306356432,
      "f1": 0.37701344313915464,
      "f2": 0.45369749613781446,
      "roc_auc": 0.7604767292012063
    },
    "precision": {
      "threshold": 0.6273461580276489,
      "optimized_for": "Precision (Recall>0.5)",
      "precision": 0.3017697314890155,
      "recall": 0.5002529084471421,
      "f1": 0.37645118315041554,
      "f2": 0.4420967934199547,
      "roc_auc": 0.7604767292012063
    },
    "recall": {
      "threshold": 0.6247923970222473,
      "optimized_for": "Recall (Precision>0.3)",
      "precision": 0.3000100270730974,
      "recall": 0.5044680492328444,
      "f1": 0.3762575452716298,
      "f2": 0.44395643529097545,
      "roc_auc": 0.7604767292012063
    },
    "balanced": {
      "threshold": 0.4323425590991974,
      "optimized_for": "F2",
      "precision": 0.20108014689997838,
      "recall": 0.7846906086663294,
      "f1": 0.32012656486449304,
      "f2": 0.4964902174144957,
      "roc_auc": 0.7604767292012063
    }
  },
  "n_trials": 10
}